,MobileNetV2,VGG-19,InceptionV3
MobileNetV2,85.72,61.5,37.55
VGG-19,70.23,79.56,39.129999999999995
InceptionV3,60.040000000000006,63.580000000000005,52.400000000000006
