,MobileNetV2,VGG-19,InceptionV3
MobileNetV2,90.59,61.27,35.14999999999999
VGG-19,62.150000000000006,75.64,31.909999999999993
InceptionV3,65.69,76.4,53.93
