,MobileNetV2,VGG-19,InceptionV3
PW MobileNet,94.25700000000002,57.794999999999995,35.044999999999995
PW VGG,74.785,78.0,43.38
PW Inception,59.28800000000001,67.696,53.32700000000001
