,MobileNetV2,VGG-19,InceptionV3
PW MobileNet,94.377,57.265,34.934000000000005
PW VGG,75.778,76.598,43.992000000000004
PW Inception,57.462,63.68899999999999,51.81099999999999
