,MobileNetV2,VGG-19,InceptionV3
MobileNetV2,50.5,50.67,47.69
VGG-19,55.43,55.43,45.04
InceptionV3,50.029999999999994,48.65999999999999,46.199999999999996
