,MobileNetV2,VGG-19,InceptionV3
MobileNetV2,56.15,56.96,45.16
VGG-19,50.49,50.06,49.980000000000004
InceptionV3,49.550000000000004,48.760000000000005,47.18
